"","logFC","AveExpr","t","P.Value","adj.P.Val","B"
"hsa-miR-196b",5.69238383299989,1.9397263921597,8623.50399269959,6.97261695948447e-62,5.1179008482616e-59,115.301013345957
"hsa-miR-517a",5.38233682099993,0.0339924178479087,8153.80768894609,1.94141408238859e-61,7.12498968236613e-59,115.161560634038
"hsa-miR-543",5.11729798299992,0.096663508904943,7752.29515135794,4.88747844113358e-61,1.19580305859735e-58,115.023708937089
"hsa-miR-129-3p",3.97365219899997,0.0994376438174905,6019.76370690679,4.98396916533269e-59,9.14558341838549e-57,114.128404140375
"hsa-miR-337-3p",2.74640857899993,0.243414988722433,4160.58825992923,4.27313644307266e-56,6.27296429843067e-54,112.021678483525
"hsa-miR-551b",-1.46810108299998,0.639020634722433,-2224.05514497167,4.0188227459203e-51,4.9163598258425e-49,105.635550291331
"hsa-miR-1303",1.43853007399999,0.0289801310836502,2179.2574430491,5.83005257979701e-51,5.34907324196573e-49,105.367730297586
"hsa-miR-1205",1.43853007399996,0.155554866764259,2179.25744304905,5.83005257979917e-51,5.34907324196573e-49,105.367730297585
"hsa-miR-663b",-0.443675201000001,1.49043558171103,-672.132269982394,1.27609691738604e-41,1.0407279304015e-39,85.8962422806589
"ebv-miR-BART12",5.79987595099992,2.03255265206464,23.6660278443154,3.60713811867168e-15,2.64763937910501e-13,22.0826452147012
"hsa-miR-154",5.60615927699992,0.50756848251711,20.9033673354989,3.23105945373674e-14,2.15599785367524e-12,19.7745673532549
"hsa-miR-301b",-4.84632156099991,1.86909381838403,-16.5966732291438,1.79233336541428e-12,1.0963105751784e-10,15.5502105833238
"ebv-miR-BART15",5.66421104799991,3.9665126094981,14.9411450831845,1.07960982830839e-11,6.09564318444891e-10,13.6632092517418
"hsa-miR-382",5.07512379399996,0.263761056946768,13.8420866479104,3.91798648986136e-11,2.05414434539874e-09,12.3096225615391
"hsa-miR-885-5p",4.50528411099998,0.716245957072243,13.1039709531827,9.77870713444985e-11,4.78504735779079e-09,11.3497195011834
"hsa-miR-1285",2.74640857899999,0.0606010841634981,12.0556168931933,3.86383140511938e-10,1.77253265709851e-08,9.9087065550144
"hsa-miR-487b",3.27953750699997,0.111959641326996,9.53879115562862,1.59349494056387e-08,6.88014874337577e-07,6.01618865158722
"hsa-miR-127-3p",4.89289834000001,0.390289282771863,9.05068310876918,3.54862288233207e-08,1.44704955312874e-06,5.18035604898234
"ebv-miR-BART1-3p",3.74642802399994,7.35860356788213,7.99910059781311,2.19978810389125e-07,8.49812878029565e-06,3.27941880852489
"ebv-miR-BART17-5p",3.63396387499995,5.38642565227757,7.64616874972831,4.18974528323527e-07,1.53763651894735e-05,2.60954341535406
"hsa-miR-495",6.12330294499994,1.11042577134981,7.38441321615788,6.82917594290195e-07,2.38695959147144e-05,2.10215226718489
"ebv-miR-BART11-5p",3.54692292599994,5.4092978724981,7.21670710426745,9.3846673532793e-07,3.131066289685e-05,1.77232183049823
"hsa-miR-874",1.43853007399997,0.276280715642586,6.31456207721108,5.53865816336397e-06,0.000176755438778659,-0.0648001029777241
"hsa-miR-184",3.77720355999996,1.3221677176654,5.76825815309947,1.71040896956893e-05,0.000523100076526499,-1.2263968906234
"hsa-miR-450a",2.94681424599995,0.826366104038023,5.56467553457845,2.62876219976354e-05,0.000771804581850577,-1.66782804938284
"hsa-miR-514",2.94681424599999,0.356060556931559,5.3586611994004,4.08123691092272e-05,0.00115216457408357,-2.11877842142746
"hsa-miR-211",-3.67429963799993,1.53179876244106,-4.93632311934014,0.000102012826292873,0.00277323757403588,-3.05475851660047
"ebv-miR-BART22",2.02081284399996,8.80005388922814,4.87503426841548,0.00011668658132782,0.00305885538195072,-3.19166405029114
"ebv-miR-BART17-3p",3.02441532499996,7.36387653731179,4.8190083705313,0.00013197783676147,0.00334040455803169,-3.3170102124542
"hsa-miR-548h",3.77720355999992,1.09700979171863,4.30521494573059,0.000412732792853911,0.00988361980965397,-4.47257072735698
"ebv-miR-BART6-3p",1.71410253799997,7.33865348568821,4.3001528432588,0.000417428084603914,0.00988361980965397,-4.48398505547388
"hsa-miR-324-3p",4.22577201599992,1.14027350309506,4.04101200062893,0.000745795699242014,0.0167362113497775,-5.06804451590222
"hsa-miR-181c",6.59559981799998,1.87421992260837,4.03705461805381,0.000752445469404165,0.0167362113497775,-5.07695355364518
"hsa-miR-505",4.14652860899994,0.885257563406844,3.87323370397288,0.00108676399263997,0.0234613167822864,-5.44520527016267
"hsa-miR-362-5p",2.51360333699993,0.47769592773384,3.75207658360684,0.00142632062861468,0.0299119811829478,-5.71660376226933
"ebv-miR-BART7",2.89863146099995,9.26605580019011,3.60900628441347,0.00196565025450477,0.0400774246335138,-6.03559821719918
"hsa-miR-598",3.54972407399995,0.967507055007605,3.52285583157487,0.00238358796081621,0.0472852314388946,-6.22669486973501
"hsa-miR-302a",0.774372255,0.193935398365019,3.39917931744787,0.00314145149889104,0.060679615794369,-6.49943718077922
"ebv-miR-BART4",1.41650383899998,6.74947456561977,3.30993603613809,0.00383147218280606,0.0721102713379398,-6.6948817045218
"hsa-miR-548j",2.51360333699999,0.423878257228137,3.23502786249005,0.00452400506757702,0.0830154929900383,-6.85792201683207
"hsa-miR-193a-5p",6.24242045499991,1.34529290712928,3.20264463301457,0.00486009296429657,0.0870075179461873,-6.92809404662724
"hsa-miR-190b",5.38233682099992,0.809924153471483,3.07272483843307,0.00647135865889331,0.113094696562564,-7.20753440085846
"hsa-miR-365",-3.97879739799998,1.10157218961217,-3.04502141711067,0.00687693704393605,0.117387716052304,-7.26665498616163
"hsa-miR-532-5p",4.22577201599997,1.01421453907985,2.98689837969758,0.00780970134613561,0.130280017910535,-7.39011530539145
"hsa-miR-548d-5p",3.12274653099993,0.345400605768061,2.96545763614764,0.00818385856221692,0.130994484398175,-7.43545268248306
"hsa-miR-1247",2.23586355499994,0.12999404165019,2.96402528160653,0.00820946359988564,0.130994484398175,-7.43847739830619
"ebv-miR-BART19-3p",1.64061086099997,7.06988908982129,2.94206212070798,0.00861192739238357,0.134492653319352,-7.48479251066933
"hsa-miR-377",5.69238383299999,0.810577116528517,2.74149416021008,0.0132826466096854,0.197199145337061,-7.90166959585142
"hsa-miR-455-5p",4.56745087399992,2.00378593664259,2.73778219355636,0.0133886574608048,0.197199145337061,-7.90927368611351
"hsa-miR-194",6.6964173979999,2.42158316308365,2.73623146519991,0.0134331842872658,0.197199145337061,-7.91244912951158
"hsa-miR-218",4.89289833999995,1.19755255178327,2.57501691597492,0.0189180082461017,0.267781919176796,-8.23824976810766
"hsa-miR-655",2.23586355499994,0.573625087840304,2.57369025694549,0.0189709261542144,0.267781919176796,-8.24089355384987
"ebv-miR-BART21-3p",1.27509599799998,6.35519455310646,2.5544889631395,0.0197526845338782,0.273556046186162,-8.27908638436004
"hsa-miR-769-5p",4.37228669199996,1.00842452972243,2.54105878775103,0.0203174713009566,0.276167109905596,-8.30571942966611
"hsa-miR-452",5.0509130749999,1.68714901574905,2.49779199981315,0.0222423993816589,0.296834929929775,-8.39105988024719
"hsa-miR-320b",2.51360333699996,0.633992044802281,2.47284215015583,0.023429176078067,0.307089557880379,-8.43994451653946
"hsa-miR-1282",3.27953750699997,0.595650969946768,2.46032842104404,0.024046578218529,0.309652428287725,-8.46437077477337
"hsa-miR-519b-3p",2.23586355500001,0.0892828624828897,2.44273343090304,0.0249405465024891,0.312955288603387,-8.49860981401615
"hsa-miR-1275",-3.78309777899994,1.754763461673,-2.4385851248647,0.0251558065771115,0.312955288603387,-8.50666407736634
"hsa-miR-100",4.00422336599996,7.85615367874145,2.41098216792325,0.0266330689573844,0.320691735206147,-8.56007871687856
"hsa-miR-381",1.438530074,0.109206530851711,2.40265533341693,0.0270943962987744,0.320691735206147,-8.57613037851389
"hsa-miR-125b",3.75771520899996,10.5090890410722,2.38934412669932,0.0278474051486294,0.320691735206147,-8.60173031221774
"hsa-miR-759",3.42094660399996,0.360072099460076,2.38922952044781,0.0278539723929589,0.320691735206147,-8.60195039844829
"hsa-miR-199b-5p",8.09650668299993,4.68761734145247,2.381559120567,0.0282968067718488,0.320691735206147,-8.61666778958541
"hcmv-miR-UL22A",-1.91325329199997,0.983039615334601,-2.37313064507087,0.0287909747996691,0.320691735206147,-8.63281096164001
"hsa-miR-296-5p",7.9583232909999,3.69783808681369,2.37236871571051,0.0288360415852939,0.320691735206147,-8.63426880458076
"hsa-miR-487a",1.89159247099998,0.507314143794677,2.32930235013439,0.0314928010219679,0.345010685822753,-8.71626292548702
"hsa-miR-376c",7.00798533199995,2.16487332612548,2.30074417204165,0.0333780707144486,0.355284498601357,-8.77018540623085
"hsa-miR-130b",5.19811872299997,3.07597589591635,2.30044034120335,0.0333986790238333,0.355284498601357,-8.77075712619728
"ebv-miR-BART1-5p",1.89159247099997,1.95987003377186,2.28101541583641,0.0347409574481121,0.364283753813061,-8.80722232412375
"hsa-miR-145",5.17384778099994,7.64696996869582,2.26666651350018,0.0357643248438715,0.369732597681713,-8.83404795794603
"hsa-miR-95",6.18409073299997,2.40860280968441,2.23932827139721,0.0377915058190439,0.385263406544142,-8.88489332534311
"hsa-miR-149",6.38733575299988,2.3138314288365,2.2111999503931,0.0399872914308558,0.400441044121164,-8.93684032698011
"hsa-miR-1253",2.88151134399998,1.73399722691255,2.19985616248372,0.0409055350061208,0.400441044121164,-8.95768262241474
"hsa-miR-1977",4.44031743499991,3.02641487171863,2.19905218328339,0.0409713433049047,0.400441044121164,-8.95915743653924
"hsa-miR-497",8.2932897569999,4.78214535996198,2.1930881357025,0.0414625604267145,0.400441044121164,-8.9700880423104
"hsa-miR-517c+hsa-miR-519a",5.15827423299988,1.68498633324715,2.14115507718133,0.045973471645299,0.43824062581363,-9.06452793214309
"hsa-miR-424",5.66421104799995,5.08549456122433,2.11404632520546,0.0485020241435599,0.456416483607346,-9.11328686992828
"hsa-miR-1261",4.37228669199995,1.72759607505703,2.08244714621933,0.0516086131455292,0.475444769201702,-9.16964468569488
"hsa-miR-548f",1.89159247099996,0.342217220304183,2.08036424334866,0.0518195933734825,0.475444769201702,-9.17334127050013
"hsa-miR-92a",3.89237165599995,10.1685034872814,2.06901753178804,0.052982698435791,0.4801148228626,-9.19343840417015
"hsa-miR-151-3p",6.43813389399987,3.12261931694297,2.04890860961888,0.055102133573346,0.489234040379495,-9.22888698499738
"hsa-miR-421",-3.78309777899998,3.26957974314449,-2.04686175281606,0.0553221053835123,0.489234040379495,-9.23248310475647
"hsa-miR-615-5p",-5.38427694099992,2.31515271605703,-2.03941253024304,0.0561293646796636,0.490463734224679,-9.24555157728422
"hsa-miR-652",2.235863555,0.466602740528517,2.03184609758398,0.0569601847070289,0.491867947940697,-9.25879495615439
"hsa-miR-600",2.746408579,0.974268587022814,1.94939119510146,0.0667573567471292,0.569766277353405,-9.40106449845592
"hsa-miR-1180",3.87876904699995,0.370712692798479,1.94078367208094,0.067862287025782,0.572539295137057,-9.41569510054183
"hsa-miR-376a",6.72397413199986,2.83954064298479,1.88252231536895,0.0757784051463275,0.631084674742987,-9.51359155537552
"hsa-miR-183",6.1438514469999,2.79290590015209,1.87733632320765,0.0765211662835502,0.631084674742987,-9.52220846141816
"hsa-miR-185",5.63547713199994,3.14565808670342,1.84904018238096,0.0806881168037823,0.658056419266402,-9.56893977934961
"hsa-miR-664",7.93691141099991,2.62909476044867,1.8346773368723,0.08287863694265,0.668493621053902,-9.59247420966027
"hsa-miR-892b",3.54972407399999,0.702905431634981,1.81477691221882,0.0859998836562337,0.686129506561691,-9.62487284648745
"ebv-miR-BHRF1-3",7.83737844799988,3.78820635130418,1.80549676018604,0.0874902631335403,0.690514549892673,-9.63989738548556
"ebv-miR-BHRF1-1",7.70535899699986,3.8540885591673,1.79883055365944,0.0885747306173312,0.691636726309799,-9.65065679305421
"hsa-miR-140-3p",5.82554258799994,2.18625513603802,1.78672330381812,0.0905743835965791,0.699806290104096,-9.67012687962508
"hsa-miR-130a",4.94065754199996,1.35224095893916,1.75169042529886,0.0965834536263368,0.7384609891847,-9.72594118601787
"ebv-miR-BART16",-5.77522375699991,3.51786940704563,-1.73138004733263,0.10022311639176,0.758389354964455,-9.7579389339788
"hsa-miR-9",6.85437529799987,2.55008273711027,1.72033372026665,0.102251938282934,0.765235026147873,-9.77522921254594
"hsa-miR-196a",9.02064233299985,5.11000139171103,1.71220206517538,0.103767970729219,0.765235026147873,-9.7879062645194
"hsa-miR-188-3p",3.122746531,0.744323320946768,1.70960905140168,0.104255453153661,0.765235026147873,-9.79193957329621
"hsa-miR-361-5p",5.62834396799991,5.03641215870342,1.69607314423355,0.106832281609224,0.776385096051193,-9.81292198503694
"hsa-miR-660",3.66794270799994,2.53314074294677,1.68618780441768,0.108748526637589,0.782562926980296,-9.82816878149141
"hsa-miR-193a-3p",6.03892876799988,1.98343826795818,1.67291022539625,0.111368633556647,0.791635885437144,-9.84854500529904
"hsa-miR-663",5.15827423299992,1.77713436844106,1.65433109019561,0.115125359880038,0.791635885437144,-9.87685816883479
"hsa-miR-34c-5p",8.62830133899989,3.97182084934221,1.65003272760926,0.116009719088491,0.791635885437144,-9.88337526422837
"hsa-miR-10b",6.31669688899991,3.57856541284411,1.64705220954286,0.116626330616574,0.791635885437144,-9.8878868939803
"hsa-miR-300",3.54972407399995,0.860233137684411,1.64416857969371,0.117225549702782,0.791635885437144,-9.89224610478264
"hsa-miR-641",3.97365219899995,1.90126021698479,1.64264195511518,0.117543841327281,0.791635885437144,-9.89455162196169
"hsa-miR-210",5.07512379399995,2.76851870062738,1.63974008311496,0.11815088918669,0.791635885437144,-9.89892965809081
"hsa-miR-363",5.38233682099991,2.98959152514449,1.63389261464203,0.119382225903791,0.791635885437144,-9.90773419823392
"hsa-miR-199a-5p",7.70535899699991,4.39080708109506,1.6323161328955,0.119716053519786,0.791635885437144,-9.91010389838173
"hsv1-miR-H1",5.11729798299992,2.52044534745627,1.62422996732686,0.121440811637154,0.795871033407775,-9.92223183306833
"hsa-miR-379",5.15827423299993,2.68202110404183,1.61539434556743,0.123349449358501,0.801225626806547,-9.93543229649621
"hsa-miR-92b",6.76434676099991,2.42172176479848,1.60932139021198,0.124675968765889,0.802738255036512,-9.94447399201844
"hsa-miR-19a",4.56745087399996,3.52286876097338,1.59834247305896,0.127104687309927,0.811259482482492,-9.96075483819413
"hsa-let-7d",3.17689482699995,10.1338955501103,1.58116342902729,0.130984925718369,0.828818409286919,-9.98606085306479
"hsa-miR-324-5p",5.29061465399988,3.30386846582509,1.57545981472449,0.132295018937476,0.829953366667587,-9.99441681114265
"hsa-miR-199a-3p+hsa-miR-199b-3p",3.26796685999996,8.48633515713688,1.5593939069496,0.136044493200008,0.846061451148358,-10.0178300390852
"hsa-miR-579",10.2558245999998,5.86645517495818,1.55465204423256,0.137168000935497,0.846061451148358,-10.0247053916243
"hsa-miR-214",7.45705614899986,3.9571501579924,1.54923635797432,0.138460632752026,0.846917536999891,-10.0325380974405
"hsa-miR-26a",2.95304548999997,12.2917660600114,1.53971830782302,0.140757057736232,0.853848598168546,-10.0462531350295
"hsa-miR-548a-3p",3.27953750699995,1.02617182720532,1.53391136691712,0.142173622025447,0.855372447267851,-10.0545886619073
"hsa-miR-361-3p",5.69238383299992,2.82164633256654,1.52439639831018,0.144520358282742,0.856826474540674,-10.0681942329969
"hsa-miR-548b-3p",2.94681424599993,0.775203721688213,1.52082510175045,0.145409431572835,0.856826474540674,-10.0732839554989
"hsa-miR-195",6.96243849899989,3.65071633039544,1.51669073760727,0.146444342162346,0.856826474540674,-10.079164582632
"hsa-let-7a",2.72573047999997,12.0456527541445,1.51404343613795,0.147110213129211,0.856826474540674,-10.0829235167396
"hsa-miR-136",4.4403174349999,1.52097663878327,1.50935116561962,0.14829661261872,0.856826474540674,-10.0895735797409
"hsa-miR-31",5.82554258799993,3.22016314171483,1.50439018982403,0.149559551013326,0.856826474540674,-10.0965869810181
"hsa-miR-640",1.43853007399999,0.265789684212928,1.500381014322,0.150586669231263,0.856826474540674,-10.1022416525615
"hsa-miR-30b",2.59238349199997,10.0835562359848,1.48757002756681,0.153907842518444,0.864957352886289,-10.1202315802093
"hsa-miR-539",5.1172979829999,3.5979638398327,1.48579589379845,0.154372497585973,0.864957352886289,-10.1227133939857
"hsa-miR-509-3p",5.57623325699994,3.12638838385932,1.46516009572057,0.159862365576056,0.873985715175209,-10.1514093353123
"hsa-miR-23a",2.76312525299997,10.0329999373308,1.44159492323459,0.166326072952664,0.873985715175209,-10.1837903919888
"hsa-miR-454",3.27953750699996,2.84654954211407,1.44031948571569,0.166681905581587,0.873985715175209,-10.1855310798424
"kshv-miR-K12-6-3p",4.98688624699992,3.28246136339164,1.43969790827815,0.166855543210348,0.873985715175209,-10.1863789498693
"hsa-miR-601",2.23586355499996,0.559490519372624,1.43568134360779,0.167981123894815,0.873985715175209,-10.191850761656
"hsa-miR-188-5p",5.94744280799988,2.79720057142586,1.42849721042847,0.170009764954536,0.873985715175209,-10.201607365386
"hsa-miR-450b-5p",3.12274653099998,1.16323102463118,1.42789874374827,0.170179652846756,0.873985715175209,-10.2024183649163
"hsa-miR-520d-5p+hsa-miR-527+hsa-miR-518a-5p",6.24242045499989,3.72842310462738,1.42548059603053,0.170867501180491,0.873985715175209,-10.205692499729
"hsa-miR-525-5p",1.43853007399998,0.104677071802281,1.42541779364369,0.170885395495588,0.873985715175209,-10.2057774740612
"hsa-miR-532-3p",4.30088848999993,1.4368980869962,1.42386659911393,0.171327860923867,0.873985715175209,-10.2078753562475
"hsa-miR-934",4.79235800699992,2.55708377837643,1.42230894879703,0.171773102431107,0.873985715175209,-10.2099801295759
"hsa-miR-592",5.6642110479999,2.92835761574525,1.42059175747933,0.172265034158488,0.873985715175209,-10.2122983443397
"hsa-miR-1283",7.92309238999987,4.69581843039164,1.41995499584824,0.172447740162845,0.873985715175209,-10.2131574046956
"hsa-miR-18a",4.56138174599995,3.29872906369582,1.41923731045633,0.172653853815266,0.873985715175209,-10.2141252699736
"hsa-miR-569",-4.37619139599992,2.32660145101901,-1.41082913649876,0.175083509184979,0.876325184667002,-10.2254352230283
"hsa-miR-192",6.89402279699987,4.97732323492776,1.40938418764499,0.175503817637669,0.876325184667002,-10.2273734083752
"hsa-miR-744",5.85076056599989,3.3385044061597,1.390498230587,0.181072670685638,0.898022569481475,-10.2525588980865
"hsa-let-7b",1.94045891999999,10.7752864944144,1.38581466457823,0.182475482213292,0.89890606674199,-10.2587622111112
"hsa-miR-619",3.87876904699993,1.49690779719772,1.37538256894571,0.185631457247074,0.903368131893773,-10.2725183677971
"kshv-miR-K12-12",2.94681424599994,1.144879724327,1.37468919038833,0.185842762828283,0.903368131893773,-10.2734296920439
"hsa-miR-206",7.40693155499987,3.74948410779468,1.370088260247,0.187249770223672,0.904219285159048,-10.279467339648
"hsa-miR-574-5p",3.96680220599993,2.98908550047909,1.36120066419827,0.189991798684661,0.911463923101577,-10.2910835509747
"hsa-miR-330-5p",2.74640857899997,1.45808544612548,1.35129308708998,0.193086186728881,0.92029390298051,-10.3039601260441
"hsa-miR-518f",5.5144519789999,2.86327529606464,1.34049314482583,0.196504838205754,0.922842744130455,-10.3179087154257
"hsa-miR-152",3.12274653099995,1.37622978520532,1.338254537276,0.197219431683223,0.922842744130455,-10.3207884807196
"hsa-miR-1297",-6.08250195499989,3.01596191209886,-1.33771241486234,0.197392794044253,0.922842744130455,-10.3214852772513
"hsa-miR-106a+hsa-miR-17",4.98268257699992,5.13285838869962,1.33070741271074,0.199643767926502,0.925084668971195,-10.3304680059524
"hsa-miR-626",3.97365219899993,1.48734051806464,1.32838968233764,0.20039300049921,0.925084668971195,-10.3334315543117
"hsa-miR-203",5.87554530199991,4.8913236023308,1.31689612425471,0.204141320653278,0.936498308496912,-10.3480647192621
"hsv1-miR-H4-5p",1.80824038299996,1.78785215811027,1.30574307564301,0.207831219265106,0.947503819506757,-10.3621637872545
"hsa-miR-1537",3.27953750699993,1.76664099481749,1.29741158876732,0.210621672083897,0.950411605809386,-10.3726310718323
"hsa-miR-561",3.27953750699995,1.52961005408365,1.29282724651283,0.212169579115125,0.950411605809386,-10.3783668628293
"hcmv-miR-US5-2",3.77720355999993,2.50533607427376,1.29029879816085,0.213027114362765,0.950411605809386,-10.38152314938
"hsa-miR-143",6.12218987999992,6.15088659848289,1.288471945272,0.21364838550211,0.950411605809386,-10.3838004240846
"hsa-miR-1299",2.23586355499998,1.36494282534601,1.27801884248004,0.217230518041433,0.960525302665131,-10.3967790164527
"hsa-miR-525-3p",1.43853007399998,0.300061247365019,1.26155786963466,0.222966112555558,0.979982794106465,-10.4170375493898
"hsa-miR-570",3.42094660399993,1.05406282894297,1.25207430229934,0.226323458810103,0.984677710776245,-10.4286088324675
"hsa-miR-1290",-1.79798644399998,5.06156829125856,-1.25096882540573,0.226717347576547,0.984677710776245,-10.4299528872105
"hsa-miR-320c",7.91627626299985,5.81968055411787,1.23084285988215,0.233981259724293,1,-10.4542470421068
"hsa-miR-484",4.89289833999993,3.69437244055894,1.22878113741118,0.234735367338035,1,-10.4567169345838
"hsa-miR-146b-5p",4.12479752899995,4.25607778634221,1.20533247355449,0.243443678835213,1,-10.4845602283504
"hsa-miR-496",5.23689229399989,3.2732892769962,1.20219726065945,0.244626447699283,1,-10.488248395859
"hsa-let-7f",2.66864140099997,9.62350884773764,1.201325851467,0.244955964559916,1,-10.4892720388082
"hsa-miR-34b",4.06267830299996,0.501404255711027,1.19459845117115,0.24751124703786,1,-10.4971533588194
"hsa-miR-574-3p",4.73933214099991,2.22420112294677,1.18838293308112,0.249890024987346,1,-10.5044013443382
"hsa-miR-34c-3p",6.102457535,1.00928706391635,1.17846116588015,0.253723040159189,1,-10.5159040575538
"hsa-miR-99a",1.47439447499999,9.10060090386692,1.15810401331728,0.261726023868018,1,-10.5392451503839
"hsa-miR-181a",4.20188715499994,8.50400185269582,1.15367198896543,0.263493190104481,1,-10.5442803108335
"hsa-miR-523",-1.91325329199996,0.597624820079848,-1.15231847197331,0.264034647858915,1,-10.5458146967479
"hsa-miR-375",5.94744280799985,1.21873300353992,1.14951431230345,0.265159062073635,1,-10.5489886164124
"hsa-miR-449b",3.27953750699996,1.31604251745247,1.14789262044755,0.265810958752804,1,-10.5508210930002
"hsa-miR-423-5p",2.16056005399996,7.84018722237262,1.14771022465586,0.265884353968192,1,-10.5510270562088
"hsa-miR-342-3p",2.52932628599998,8.64657076538783,1.14474381958044,0.267080144476932,1,-10.5543727728831
"hsa-miR-515-3p",-1.46810108299997,0.593865814365019,-1.11198609715907,0.280552261417731,1,-10.5908185530422
"hsa-miR-23b",2.20107108099997,8.67213592817871,1.09605041659718,0.287284204124957,1,-10.6082143213101
"hsa-miR-1305",3.76879121099991,4.04447485794677,1.09042477869154,0.289688729518384,1,-10.6143028453574
"hsa-let-7c",1.91488801999998,9.76109466493536,1.08257220752948,0.293069600755066,1,-10.6227555205368
"hsa-miR-125a-5p",1.80897927899997,6.8715459161635,1.07462519223009,0.296520259521167,1,-10.6312551285988
"ebv-miR-BART5",-5.09283236899986,6.27503891853992,-1.07059651550742,0.298280754006368,1,-10.6355428599097
"hsa-miR-25",4.08031635299993,9.69007758545627,1.05254999779219,0.306259701584096,1,-10.6545751683742
"hsa-let-7i",1.76615443599999,10.3392544860456,1.04782745071175,0.308372785789086,1,-10.6595084003117
"hsa-miR-340",3.65590047099994,3.76882712226236,1.02944873944295,0.316695619469229,1,-10.6785194624155
"hsa-miR-30c",2.22170265199999,7.25951744857795,1.02238740514527,0.319935471298176,1,-10.6857441230741
"hsa-miR-516a-3p",-2.95727853799997,2.3960669021673,-1.02162633713171,0.320286058983594,1,-10.6865201476616
"hsa-miR-542-3p",6.63463728599985,6.60415550561217,1.01197023619871,0.324757798419454,1,-10.6963212063495
"hsa-miR-1179",-1.91325329199998,1.72723955156654,-0.991634210889538,0.334318906605913,1,-10.7166899317205
"hsa-miR-30d",1.90750431599999,6.5897814770076,0.964000732832543,0.347623413544854,1,-10.7437717435628
"hsa-miR-544",6.8260201939999,5.68032754174905,0.960615051522588,0.349278278726024,1,-10.7470423494407
"hsa-miR-96",3.91251244099992,7.33853075758175,0.94513277080472,0.356914734390176,1,-10.7618656843732
"hsa-let-7g",2.44973387499996,11.098499578076,0.934124864565722,0.362413108880484,1,-10.7722721876943
"hsa-miR-146a",1.51643459,9.81090155591255,0.920103071244864,0.369499745125565,1,-10.7853673153958
"hsa-miR-98",3.89082737499993,5.05550436003422,0.918447512717103,0.370342591372215,1,-10.7869015532135
"hsa-miR-106b",2.36757865499996,8.62326268301901,0.898363222801192,0.380670465073302,1,-10.8053129979191
"hsa-miR-126",1.82920858999998,10.9630538250722,0.897362270621821,0.381190153874152,1,-10.8062208396404
"hsa-miR-29c",3.14759253199996,7.74817060290114,0.892573642411113,0.383682909293788,1,-10.8105511939193
"hsa-miR-20a+hsa-miR-20b",5.06841838399994,9.56489266014068,0.883685801252026,0.388338136708886,1,-10.8185321472149
"hsa-miR-455-3p",2.65503611499994,3.08913832754753,0.881586717209403,0.389443005929255,1,-10.8204063459256
"hsa-miR-34a",1.81451078399999,8.0278628623384,0.875896262755066,0.392448633258418,1,-10.8254665530579
"hsa-miR-200a",1.41605314999999,9.11355945843726,0.873879562116061,0.393517478722275,1,-10.827252663276
"ebv-miR-BART8",2.33909117599997,9.03156513169962,0.863429837335547,0.399086356710168,1,-10.8364468581318
"mcv-miR-M1-5p",2.94681424599996,2.96761067519392,0.859816570631307,0.401023848923062,1,-10.8396022785156
"hsv1-miR-H8",3.48085535599991,4.72001621041825,0.856087306649893,0.403029949552548,1,-10.8428461977229
"ebv-miR-BART3",0.668244373999979,8.21274057674905,0.855930950051447,0.403114201320443,1,-10.8429819211034
"hsa-miR-181b+hsa-miR-181d",2.20529333499999,3.53971556842966,0.847780846801565,0.407521656328047,1,-10.8500248120887
"hsa-miR-205",1.57026918999997,13.7557418818707,0.840710068808117,0.411370554252797,1,-10.8560845347101
"hsa-miR-1",3.54972407399994,1.39066755927757,0.837871815832288,0.412922081789631,1,-10.8585037326898
"hsa-miR-135b",3.55811375599993,5.24132702280608,0.831710686547619,0.416302964606991,1,-10.8637291159027
"hsa-miR-30a",3.40769288899994,7.7245846533308,0.824527486897364,0.420266987501787,1,-10.8697761794821
"hsa-miR-518d-3p",0.774372254999989,0.125374897946768,0.82129636814896,0.422057879996349,1,-10.8724803693085
"hsa-miR-520e",3.97365219899992,3.21349324172624,0.807607044050903,0.429699019399048,1,-10.8838277252109
"hsa-miR-148a",3.10002724299995,8.13623203223194,0.805940596255596,0.430635115825609,1,-10.8851969579099
"hsa-miR-148b",3.41298590099994,5.72705214977186,0.762672533444193,0.455386456085452,1,-10.9198225709335
"hsa-miR-374a",2.93025052699998,4.70746764410266,0.76028638414083,0.45677629680141,1,-10.9216800411337
"hsa-miR-99b",1.38495960199998,5.42931613473384,0.750808323924585,0.462322355593846,1,-10.929004136179
"ebv-miR-BART10",1.78946565399999,9.78931035653232,0.748853245980177,0.463471411867719,1,-10.9305041625796
"hsa-miR-141",2.65437451599996,7.15736886445247,0.746570012089812,0.464815515649235,1,-10.9322513086963
"hsa-miR-423-3p",1.67685304899997,5.17895997842966,0.744454071306704,0.466063232047123,1,-10.9338659593548
"hsa-miR-15a",1.45380643099999,9.06188536435741,0.739515507061384,0.468983208105799,1,-10.9376177359407
"hsa-miR-451",2.92951037199995,9.46037416509886,0.724365458905489,0.478008969930336,1,-10.9489801708753
"hsa-miR-485-3p",4.18827792299995,2.13978328184791,0.722821544258219,0.478934517932418,1,-10.9501256344727
"hsa-miR-222",1.63837471599998,8.96527156627757,0.720336424188528,0.480426526298282,1,-10.9519645501318
"hsa-miR-29a",1.327646377,9.66099190629658,0.715355422240091,0.4834252551215,1,-10.9556323237634
"hsa-miR-30e",-2.18171055899993,8.62816794260076,-0.71359156513038,0.484489790598233,1,-10.9569253752621
"hsa-miR-22",2.48151390099996,8.01788708946008,0.710659735711158,0.48626227215413,1,-10.9590679649115
"hsa-miR-720",-0.88093259999998,16.6097544737643,-0.706108955289558,0.489021028143099,1,-10.9623771517701
"hsa-miR-335",2.51308836599996,3.8877956256616,0.704283465093898,0.490130232940841,1,-10.9636989349665
"hsa-miR-186",3.25833250699995,5.54449141396958,0.701180704174482,0.492018894247325,1,-10.9659381151608
"hsa-let-7e",2.79792655699996,7.21325487178327,0.688579398918702,0.499732687441642,1,-10.9749357710219
"hsa-miR-151-5p",3.16950338699994,7.16284302562738,0.676118320030291,0.507428610489343,1,-10.9836808897189
"hsa-miR-345",1.41500815399993,1.29884634519772,0.674024636064758,0.508728254242825,1,-10.9851353243303
"hsa-miR-221",2.11649749799996,6.735524431,0.668425571858502,0.512213117045696,1,-10.9890037729132
"hsa-miR-200c",1.41108074999997,10.094560201749,0.657026698170155,0.519349301463692,1,-10.9967843457246
"ebv-miR-BART18-5p",0.408296191999985,6.57317301270342,0.655276497179287,0.520449910221222,1,-10.9979676857075
"hsa-miR-362-3p",0.774372254999991,1.52011046972624,0.653943987349457,0.521288727871008,1,-10.9988665984474
"hsa-miR-19b",1.09312982799999,9.0922771993308,0.642670397580103,0.528415556268898,1,-11.0064018424891
"hsa-miR-708",3.22101087799992,6.60613325398859,0.638284995614755,0.531202345853074,1,-11.0092992036757
"hsa-miR-2117",-1.24085999999998,4.17634461534221,-0.608405531062906,0.55040279458814,1,-11.0285340654718
"hsa-miR-103",0.959447807999992,9.80718462655894,0.591612117494063,0.561354731020184,1,-11.038956092116
"hsa-miR-15b",2.91049048699993,9.23346975915589,0.577392500820469,0.570716718347164,1,-11.0475612372899
"ebv-miR-BART14",0.774372255000007,1.84505203108365,0.575931110550459,0.571683427805707,1,-11.0484341784135
"hsa-miR-331-3p",1.94117052799995,5.12489352153992,0.562550359770681,0.580573829318421,1,-11.056327711384
"hsa-miR-197",1.43853007399999,0.75807674518251,0.561030434514769,0.581588118786858,1,-11.0572130088884
"ebv-miR-BART6-5p",2.16240945699995,7.99456988474905,0.536492519723321,0.598086024131697,1,-11.0711846855954
"hsa-miR-107",1.90186542799997,4.61841602263118,0.525563585036836,0.605507520283942,1,-11.0772126822304
"hsa-miR-501-3p",0.774372254999987,0.276996844741445,0.522933685143982,0.607300057499032,1,-11.0786452733715
"hsa-miR-191",2.25569219399994,8.10257087391255,0.521311431667984,0.608407062844311,1,-11.0795254888349
"hsa-miR-374b",1.99435141699997,5.37147413034221,0.508040594090527,0.617499276769878,1,-11.0866263303357
"hsa-miR-26b",1.14993994300001,8.25006768417871,0.499212508497212,0.623583147653255,1,-11.0912513842357
"hsa-miR-128",1.72189593099994,3.10569182760076,0.486374173428676,0.632480484338975,1,-11.0978365641732
"hsa-miR-383",1.04550225399997,1.94979178336882,0.483541321090782,0.634451587496921,1,-11.0992671123274
"hsa-miR-490-3p",1.61991653799999,5.13065036563118,0.470510026707117,0.643554837116045,1,-11.1057427419524
"hsa-miR-373",0.774372254999975,0.300695290102662,0.465664291485513,0.646954861498617,1,-11.1081066913985
"hsa-miR-493",1.40665644499999,6.23938994990875,0.454677908595691,0.654693044445171,1,-11.1133777493904
"hsa-miR-429",1.91026599099995,3.47939341228517,0.450379802515188,0.657731426025735,1,-11.1154064199862
"hsa-miR-1206",1.54800557299998,2.66218918988593,0.448227527136265,0.659255205184889,1,-11.1164151950391
"hsa-miR-21",1.20997481999997,11.7797976924639,0.444574166865747,0.661845239880819,1,-11.1181167073094
"hsa-miR-1246",2.16603594999994,8.90803098020912,0.436132049763178,0.667847001706256,1,-11.1219963855162
"hsa-miR-1978",1.06461501999999,4.968259838327,0.417054515603241,0.68149438748743,1,-11.1304951987965
"hsa-miR-10a",1.18397399799999,5.77299880263498,0.405383646488691,0.689899735905692,1,-11.1355105674143
"hsa-miR-500+hsa-miR-501-5p",-0.721414982999995,1.64680694467681,-0.396042680998628,0.696657159698075,1,-11.1394239550407
"hsa-miR-320a",1.41913853399997,6.03460185734601,0.39264920505371,0.699118574370942,1,-11.1408234434242
"hsa-miR-193b",1.69634436599996,5.66584645054753,0.386794750769984,0.703373083672755,1,-11.1432100109612
"hsa-miR-24",0.628947489999988,10.5933499503802,0.381418151584526,0.70728922116116,1,-11.1453707090389
"hsa-miR-142-3p",1.48774276000001,8.93179612029278,0.369738680028243,0.71582501452113,1,-11.1499617450146
"hsa-miR-548g",0.623541896999994,8.05554580014068,0.366798263397778,0.717980115153751,1,-11.1510954217085
"hsa-miR-150",0.966948510000007,10.9120554223612,0.365071983609628,0.719246481737184,1,-11.1517568328684
"hsa-miR-132",1.32517126499997,6.94238345403422,0.354727189277684,0.726852626236464,1,-11.155655912905
"ebv-miR-BART9",-1.73849045500001,8.97098218972243,-0.353465278815741,0.727782481506263,1,-11.1561239789608
"hsa-miR-526a+hsa-miR-518d-5p+hsa-miR-520c-5p",1.10539976499998,2.69664169190494,0.347088123893454,0.732488191464741,1,-11.1584642101474
"hsa-miR-378",1.22827322099994,5.33321677960836,0.324268404286665,0.749415164792554,1,-11.1664936933897
"hsa-miR-1274b",-0.421830789999991,14.1114601462548,-0.316210865093833,0.755423920790115,1,-11.1691999774174
"hsa-miR-216a",1.28688126900005,3.99978745005703,0.312299593738287,0.758346496544283,1,-11.170489373409
"hsa-miR-1266",0.774372254999975,1.39630737219011,0.309909861551292,0.760133996524183,1,-11.1712693620971
"hsa-miR-200b",0.636957174999997,9.44606162825855,0.304894875943155,0.763889670587867,1,-11.1728869331145
"hsa-miR-1274a",-0.390600939999991,13.2042333642357,-0.304819673255685,0.763946035268203,1,-11.1729109907728
"hsa-miR-16",1.76084569999997,11.4349228713308,0.292234271863996,0.773397704339336,1,-11.1768543235066
"hsa-miR-603",-1.3607507539999,5.50079338046388,-0.280348904758999,0.782357238889538,1,-11.1804270785158
"hsa-miR-223",-1.29019921699998,8.16943476674525,-0.268198080813908,0.791549339214152,1,-11.1839275852141
"hsa-miR-32",0.774372254999958,2.09771926792395,0.262662273391028,0.795747709771173,1,-11.1854713681061
"hsa-miR-1979",0.327130401999996,8.7922718686654,0.258835652811101,0.798653588387902,1,-11.1865198268045
"hsa-miR-449a",1.49776642399997,3.35671280447148,0.253790796377661,0.802489194940375,1,-11.1878787264233
"hsa-miR-633",0.774372254999983,0.520246619026616,0.243387105301523,0.810415327182424,1,-11.1905972221038
"hsa-miR-548i",0.761507127999981,5.44632365286692,0.240500565017569,0.812618240153948,1,-11.1913314473649
"hsa-miR-630",-0.862052524999998,9.24084699019392,-0.220966971904648,0.827566995379122,1,-11.1960711785534
"hsa-miR-1975",0.416240689999986,9.30636695119011,0.215480278845361,0.831778357711297,1,-11.1973307069465
"hsa-miR-1973",0.588238449999969,4.9152334819924,0.201240004783608,0.84273275312517,1,-11.2004526659623
"kshv-miR-K12-6-5p",-0.332013697999981,8.38149275264259,-0.188878912814172,0.852268483049284,1,-11.2029903965962
"hsa-miR-1308",0.996640001999946,9.597032008673,0.171109322492915,0.866017228742667,1,-11.2063577630925
"hsa-miR-155",0.462219831000008,8.78228609497338,0.132981818423911,0.895660422302768,1,-11.2124640915657
"kshv-miR-K12-4-5p",-0.421207929999973,3.77797723998479,-0.12322977980775,0.903269667162337,1,-11.2137805264832
"hsa-miR-93",0.476785562,7.21746314836502,0.121151801605069,0.904892327472313,1,-11.2140481044368
"hsa-miR-142-5p",-0.198553217999982,8.1008339376692,-0.109776437052357,0.913782607517283,1,-11.2154323732598
"hsa-miR-140-5p",0.348118364000032,5.2187891908251,0.105433196513667,0.917180168949477,1,-11.2159249749879
"hsa-miR-29b",0.472228971000003,5.43474256722053,0.103611155255259,0.918605978778565,1,-11.2161257143781
"hsa-miR-1260",0.109441379999998,13.7772373120228,0.0989581070776381,0.922248424704892,1,-11.2166224928423
"kshv-miR-K12-9",0.322091092000021,3.43691917237643,0.0940020291192387,0.926130027871306,1,-11.217126550168
"hsa-miR-101",0.307166817000014,6.35944444501521,0.0851685787967435,0.933053055011127,1,-11.2179608102881
"hsa-miR-27a",0.312215037000001,7.81244591411027,0.0839716830954288,0.933991531439023,1,-11.2180675261173
"hsa-miR-494",-0.348189050000002,13.1506799185513,-0.0771714708370364,0.93932536987008,1,-11.2186451900849
"hsa-miR-27b",0.476833399999975,11.473194186327,0.075090587623411,0.940958140573601,1,-11.218812221102
"hsa-miR-137",-0.188747067999978,2.30657159788593,-0.0648141632352544,0.949025367217709,1,-11.2195701929013
"hsa-miR-425",0.242939816999985,4.67835297463498,0.0627759502684816,0.950626112655246,1,-11.2197073016908
"hsa-miR-301a",-0.125199092999997,3.89447875441445,-0.0388698485240232,0.96941543608819,1,-11.2209885368621
"hsa-miR-651",0.120594771999996,4.5197321634943,0.0375229806454574,0.970474679098844,1,-11.2210427916815
"hcmv-miR-UL112",0.0265768050000426,4.02594938515589,0.00710154055274067,0.994410750560776,1,-11.2217586571519
"hsa-miR-1974",-0.0295710090000659,5.02541547493916,-0.005642838663905,0.995558803661251,1,-11.221768460618
"bkv-miR-B1-3p+jcv-miR-J1-3p",0,0,0,1,1,-11.2217852521486
"bkv-miR-B1-5p",0,0,0,1,1,-11.2217852521486
"ebv-miR-BART11-3p",-8.03186480754846e-15,0.269660970304183,-1.21676296379009e-11,0.999999999990423,1,-11.2217852521486
"ebv-miR-BART13",2.5460699877785e-15,0.897252255235741,3.06135145386427e-15,0.999999999999998,1,-11.2217852521486
"ebv-miR-BART18-3p",8.2263575293545e-16,1.72450386922814,1.26376391056666e-14,0.99999999999999,1,-11.2217852521486
"ebv-miR-BART19-5p",1.94135821663521e-14,1.92825606989354,1.03438430146247e-14,0.999999999999992,1,-11.2217852521486
"ebv-miR-BART2-3p",4.21803922903281e-15,0.824842485114068,1.93479124088787e-14,0.999999999999985,1,-11.2217852521486
"ebv-miR-BART2-5p",2.74022623523751e-15,0.71817424634981,4.15122250602304e-12,0.999999999996733,1,-11.2217852521486
"ebv-miR-BART20-3p",1.48848006399465e-15,0.349904509098859,2.25492766325757e-12,0.999999999998225,1,-11.2217852521486
"ebv-miR-BART20-5p",3.23619649493047e-15,0.840904025604563,4.90257758681149e-12,0.999999999996141,1,-11.2217852521486
"ebv-miR-BART21-5p",-1.05558618189461e-15,0.779831300779468,-5.30056974165512e-15,0.999999999999996,1,-11.2217852521486
"ebv-miR-BHRF1-2",1.75572940443631e-17,0.0527000699239544,2.65978893437998e-14,0.999999999999979,1,-11.2217852521486
"hcmv-miR-UL148D",0,0,0,1,1,-11.2217852521486
"hcmv-miR-UL36",1.70487009773616e-17,0.00974133268821293,2.58274117244725e-14,0.99999999999998,1,-11.2217852521486
"hcmv-miR-UL70-3p",4.13807477635882e-16,0.170159047775665,1.06418726717e-15,0.999999999999999,1,-11.2217852521486
"hcmv-miR-UL70-5p",0,0,0,1,1,-11.2217852521486
"hcmv-miR-US25-1",0,0,0,1,1,-11.2217852521486
"hcmv-miR-US25-2-3p",0,0,0,1,1,-11.2217852521486
"hcmv-miR-US25-2-5p",0,0,0,1,1,-11.2217852521486
"hcmv-miR-US33-3p",-3.00894674105104e-15,0.836347557019011,-1.87652637327966e-15,0.999999999999998,1,-11.2217852521486
"hcmv-miR-US33-5p",0,0,0,1,1,-11.2217852521486
"hcmv-miR-US4",0,0,0,1,1,-11.2217852521486
"hcmv-miR-US5-1",0,0,0,1,1,-11.2217852521486
"hiv1-miR-H1",4.06762261842564e-17,0.0106771390798479,6.16212133964672e-14,0.999999999999951,1,-11.2217852521486
"hiv1-miR-N367",-2.68456068413108e-14,1.20768852952471,-1.33697711106386e-14,0.999999999999989,1,-11.2217852521486
"hiv1-miR-TAR-3p",0,0,0,1,1,-11.2217852521486
"hsa-miR-105",2.41935026207154e-15,0.0381977203840304,3.45575005341925e-15,0.999999999999997,1,-11.2217852521486
"hsa-miR-1178",-1.60211550695372e-16,0.0796241443231939,-2.42707622611252e-13,0.999999999999809,1,-11.2217852521486
"hsa-miR-1181",-3.50754683872783e-17,0.00572501141825095,-5.3136515484076e-14,0.999999999999958,1,-11.2217852521486
"hsa-miR-1182",0,0,0,1,1,-11.2217852521486
"hsa-miR-1183",0,0,0,1,1,-11.2217852521486
"hsa-miR-1185",-3.091648785433e-17,0.0131761329315589,-4.68359942466424e-14,0.999999999999963,1,-11.2217852521486
"hsa-miR-1197",0,0,0,1,1,-11.2217852521486
"hsa-miR-1200",0,0,0,1,1,-11.2217852521486
"hsa-miR-1201",-3.3641140613536e-15,0.0156583153155894,-7.34955215545974e-15,0.999999999999994,1,-11.2217852521486
"hsa-miR-1203",2.65491473647764e-15,0.0946676177376426,3.79222549386062e-15,0.999999999999997,1,-11.2217852521486
"hsa-miR-1204",0,0,0,1,1,-11.2217852521486
"hsa-miR-122",2.52589796276626e-15,0.11839784995057,3.01636221066698e-15,0.999999999999998,1,-11.2217852521486
"hsa-miR-1225-3p",-3.69896633939779e-17,0.0293504559543726,-5.60363670695198e-14,0.999999999999956,1,-11.2217852521486
"hsa-miR-1226",-1.32531562163742e-14,0.288792713558935,-9.34025222723719e-15,0.999999999999993,1,-11.2217852521486
"hsa-miR-1227",0,0,0,1,1,-11.2217852521486
"hsa-miR-1228",0,0,0,1,1,-11.2217852521486
"hsa-miR-1231",0,0,0,1,1,-11.2217852521486
"hsa-miR-1233",0,0,0,1,1,-11.2217852521486
"hsa-miR-1236",2.8830211651019e-17,0.00854666368060836,4.36754534790242e-14,0.999999999999966,1,-11.2217852521486
"hsa-miR-124",-9.51613873505496e-15,0.231506601365019,-1.03177476927247e-14,0.999999999999992,1,-11.2217852521486
"hsa-miR-1243",9.85867203874334e-16,0.0346787410456274,2.68889189964096e-15,0.999999999999998,1,-11.2217852521486
"hsa-miR-1244",2.29502878634514e-16,0.179083718148289,4.24525032553866e-16,1,1,-11.2217852521486
"hsa-miR-1245",8.87992413588816e-16,0.00944762582509506,3.89792561243266e-15,0.999999999999997,1,-11.2217852521486
"hsa-miR-1248",7.10499859528833e-17,0.156712383498099,1.07635018213985e-13,0.999999999999915,1,-11.2217852521486
"hsa-miR-1250",0,0,0,1,1,-11.2217852521486
"hsa-miR-1251",-4.19431183091256e-17,0.0107776581064639,-6.354045314165e-14,0.99999999999995,1,-11.2217852521486
"hsa-miR-1252",0,0,0,1,1,-11.2217852521486
"hsa-miR-1254",6.80638651338132e-15,0.0879503392737643,2.98772691214795e-14,0.999999999999976,1,-11.2217852521486
"hsa-miR-1255a",0,0,0,1,1,-11.2217852521486
"hsa-miR-1256",0,0,0,1,1,-11.2217852521486
"hsa-miR-1257",8.63760545395475e-18,0.0115288818060837,1.30852780319784e-14,0.99999999999999,1,-11.2217852521486
"hsa-miR-1258",0,0,0,1,1,-11.2217852521486
"hsa-miR-1259",0,0,0,1,1,-11.2217852521486
"hsa-miR-125a-3p",-1.20680967142139e-14,0.35925308278327,-5.12913913966104e-15,0.999999999999996,1,-11.2217852521486
"hsa-miR-1262",-6.31576943319301e-17,0.0538049136653992,-9.56788307358524e-14,0.999999999999925,1,-11.2217852521486
"hsa-miR-1263",8.36006141093624e-16,0.00370383292775665,3.66972701529043e-15,0.999999999999997,1,-11.2217852521486
"hsa-miR-1268",9.17460421515261e-16,0.027460004539924,4.02727818469126e-15,0.999999999999997,1,-11.2217852521486
"hsa-miR-1269",0,0,0,1,1,-11.2217852521486
"hsa-miR-127-5p",0,0,0,1,1,-11.2217852521486
"hsa-miR-1271",-3.23101734349899e-17,0.0170341743688213,-4.89473158865704e-14,0.999999999999961,1,-11.2217852521486
"hsa-miR-1272",-1.09997192007473e-17,0.00427494160456274,-1.66636905080642e-14,0.999999999999987,1,-11.2217852521486
"hsa-miR-1276",7.62424540473073e-16,0.0260044131863118,3.34673370895859e-15,0.999999999999997,1,-11.2217852521486
"hsa-miR-1277",0,0,0,1,1,-11.2217852521486
"hsa-miR-1278",0,0,0,1,1,-11.2217852521486
"hsa-miR-1279",-5.23506706511105e-16,0.143255097596958,-7.93070584529505e-13,0.999999999999376,1,-11.2217852521486
"hsa-miR-1280",0,0,0,1,1,-11.2217852521486
"hsa-miR-1281",0,0,0,1,1,-11.2217852521486
"hsa-miR-1284",0,0,0,1,1,-11.2217852521486
"hsa-miR-1286",-1.24290166305274e-17,0.00585021342965779,-1.8828961237176e-14,0.999999999999985,1,-11.2217852521486
"hsa-miR-1287",3.76735756819533e-19,0.000868091908745247,5.70724392176806e-16,1,1,-11.2217852521486
"hsa-miR-1288",0,0,0,1,1,-11.2217852521486
"hsa-miR-1289",3.63527596353729e-17,0.0219663044410646,5.50715090651359e-14,0.999999999999957,1,-11.2217852521486
"hsa-miR-129-5p",-2.04560085431127e-17,0.00613547075285171,-3.09892088308573e-14,0.999999999999976,1,-11.2217852521486
"hsa-miR-1291",0,0,0,1,1,-11.2217852521486
"hsa-miR-1292",0,0,0,1,1,-11.2217852521486
"hsa-miR-1293",0,0,0,1,1,-11.2217852521486
"hsa-miR-1294",-3.12486339015414e-18,0.0182614695475285,-4.73391688125742e-15,0.999999999999996,1,-11.2217852521486
"hsa-miR-1296",0,0,0,1,1,-11.2217852521486
"hsa-miR-1298",0,0,0,1,1,-11.2217852521486
"hsa-miR-1301",0,0,0,1,1,-11.2217852521486
"hsa-miR-1302",5.34217925004537e-17,0.010492299756654,8.09297219653671e-14,0.999999999999936,1,-11.2217852521486
"hsa-miR-1306",0,0,0,1,1,-11.2217852521486
"hsa-miR-1307",-1.55558190491248e-15,0.0914586013954373,-6.82837201828034e-15,0.999999999999995,1,-11.2217852521486
"hsa-miR-1321",0,0,0,1,1,-11.2217852521486
"hsa-miR-1322",0,0,0,1,1,-11.2217852521486
"hsa-miR-1323",0,0,0,1,1,-11.2217852521486
"hsa-miR-133a",-1.45027402148931e-14,0.260002916296578,-4.39611173388607e-15,0.999999999999997,1,-11.2217852521486
"hsa-miR-133b",1.79606010696968e-15,0.0464874986045627,3.86483812784227e-15,0.999999999999997,1,-11.2217852521486
"hsa-miR-134",-1.54169269002396e-14,0.416700533247148,-8.60113616997605e-15,0.999999999999993,1,-11.2217852521486
"hsa-miR-135a",1.06114383098609e-15,0.762550847920152,4.37483905576863e-16,1,1,-11.2217852521486
"hsa-miR-138",1.7786985884576e-15,0.0260700865171103,3.82747887775794e-15,0.999999999999997,1,-11.2217852521486
"hsa-miR-139-5p",4.59311153501885e-15,0.324669473718631,2.0137973481476e-15,0.999999999999998,1,-11.2217852521486
"hsa-miR-144",-1.79701117760378e-15,1.19118285848289,-4.91983744799479e-16,1,1,-11.2217852521486
"hsa-miR-1469",0,0,0,1,1,-11.2217852521486
"hsa-miR-146b-3p",0,0,0,1,1,-11.2217852521486
"hsa-miR-147",-3.35430333234566e-18,0.00266244307224335,-5.08149995288783e-15,0.999999999999996,1,-11.2217852521486
"hsa-miR-1470",0,0,0,1,1,-11.2217852521486
"hsa-miR-147b",0,0,0,1,1,-11.2217852521486
"hsa-miR-153",1.18393799002429e-15,0.0230401751939164,3.22911773364894e-15,0.999999999999997,1,-11.2217852521486
"hsa-miR-1538",0,0,0,1,1,-11.2217852521486
"hsa-miR-1539",0,0,0,1,1,-11.2217852521486
"hsa-miR-1825",-5.91660834722057e-17,0.0308636627908745,-8.96318611013406e-14,0.999999999999929,1,-11.2217852521486
"hsa-miR-1827",0,0,0,1,1,-11.2217852521486
"hsa-miR-187",1.46343314079461e-15,0.0476888672623574,3.99142349241831e-15,0.999999999999997,1,-11.2217852521486
"hsa-miR-18b",9.03312565197073e-15,0.61098103173384,1.36844593428049e-11,0.99999999998923,1,-11.2217852521486
"hsa-miR-190",0,0,0,1,1,-11.2217852521486
"hsa-miR-1908",0,0,0,1,1,-11.2217852521486
"hsa-miR-1909",0,0,0,1,1,-11.2217852521486
"hsa-miR-1910",0,0,0,1,1,-11.2217852521486
"hsa-miR-1911",8.57291168654597e-16,0.0126562679239544,3.7631596311795e-15,0.999999999999997,1,-11.2217852521486
"hsa-miR-1912",-2.08010678824186e-18,0.0715307712509506,-3.15119459964315e-15,0.999999999999998,1,-11.2217852521486
"hsa-miR-1913",8.36006141093624e-16,0.00370383292775665,3.66972701529043e-15,0.999999999999997,1,-11.2217852521486
"hsa-miR-1914",0,0,0,1,1,-11.2217852521486
"hsa-miR-1915",3.81605931436163e-15,0.148073693695817,2.3813712220646e-15,0.999999999999998,1,-11.2217852521486
"hsa-miR-1976",0,0,0,1,1,-11.2217852521486
"hsa-miR-198",0,0,0,1,1,-11.2217852521486
"hsa-miR-202",1.29983736999383e-15,0.00596103779847909,3.54522613318675e-15,0.999999999999997,1,-11.2217852521486
"hsa-miR-204",-2.01295740066102e-15,0.244576168186312,-5.82727864495724e-16,1,1,-11.2217852521486
"hsa-miR-2052",0,0,0,1,1,-11.2217852521486
"hsa-miR-2053",0,0,0,1,1,-11.2217852521486
"hsa-miR-2054",-3.02398707808515e-15,0.146137640053232,-5.25746517396743e-15,0.999999999999996,1,-11.2217852521486
"hsa-miR-208a",-2.8265886642527e-15,0.35976442078327,-3.19149201454222e-15,0.999999999999998,1,-11.2217852521486
"hsa-miR-208b",-1.01804228230782e-16,0.0695351057794677,-1.54225223452507e-13,0.999999999999879,1,-11.2217852521486
"hsa-miR-2110",0,0,0,1,1,-11.2217852521486
"hsa-miR-2113",-1.1310297326436e-15,0.197852238247148,-1.63149677000681e-15,0.999999999999999,1,-11.2217852521486
"hsa-miR-2114",8.15972391574383e-16,0.0334025446577947,3.58178700119897e-15,0.999999999999997,1,-11.2217852521486
"hsa-miR-2115",0,0,0,1,1,-11.2217852521486
"hsa-miR-2116",1.88529956783005e-16,0.171862384422053,2.85607731797125e-13,0.999999999999775,1,-11.2217852521486
"hsa-miR-212",0,0,0,1,1,-11.2217852521486
"hsa-miR-215",2.56726276246726e-18,0.198813517927757,1.12692396044494e-17,1,1,-11.2217852521486
"hsa-miR-217",0,0,0,1,1,-11.2217852521486
"hsa-miR-219-1-3p",0,0,0,1,1,-11.2217852521486
"hsa-miR-219-2-3p",0,0,0,1,1,-11.2217852521486
"hsa-miR-219-5p",7.52433983563387e-16,0.0439405590152091,3.30287922657249e-15,0.999999999999997,1,-11.2217852521486
"hsa-miR-220a",-1.09997192007473e-17,0.00427494160456274,-1.66636905080642e-14,0.999999999999987,1,-11.2217852521486
"hsa-miR-220b",-2.80955414688056e-18,0.00306819111026616,-4.25624872006601e-15,0.999999999999997,1,-11.2217852521486
"hsa-miR-220c",2.51989638743931e-15,0.0113823971406844,3.59936806671726e-15,0.999999999999997,1,-11.2217852521486
"hsa-miR-224",-7.26401811231601e-15,0.60997943181749,-1.75039031936558e-14,0.999999999999986,1,-11.2217852521486
"hsa-miR-2276",-4.38594690248061e-17,0.0172604804980989,-6.6443570452939e-14,0.999999999999948,1,-11.2217852521486
"hsa-miR-2277",0,0,0,1,1,-11.2217852521486
"hsa-miR-2278",6.10940397085413e-15,0.291081992513308,2.52970204331378e-15,0.999999999999998,1,-11.2217852521486
"hsa-miR-28-3p",-5.01136897430176e-18,0.0192707029353612,-7.59182121701858e-15,0.999999999999994,1,-11.2217852521486
"hsa-miR-28-5p",1.5304499158128e-15,0.197914521958175,2.06817235452949e-15,0.999999999999998,1,-11.2217852521486
"hsa-miR-296-3p",0,0,0,1,1,-11.2217852521486
"hsa-miR-297",0,0,0,1,1,-11.2217852521486
"hsa-miR-298",0,0,0,1,1,-11.2217852521486
"hsa-miR-299-3p",0,0,0,1,1,-11.2217852521486
"hsa-miR-299-5p",1.79025014962875e-17,0.025263706634981,2.71208508880867e-14,0.999999999999979,1,-11.2217852521486
"hsa-miR-302b",0,0,0,1,1,-11.2217852521486
"hsa-miR-302c",3.95000275109086e-17,0.0893297011026616,5.98393669410294e-14,0.999999999999953,1,-11.2217852521486
"hsa-miR-302d",0,0,0,1,1,-11.2217852521486
"hsa-miR-302e",0,0,0,1,1,-11.2217852521486
"hsa-miR-302f",-2.93871173759109e-16,0.144289029885932,-4.45191208920194e-13,0.99999999999965,1,-11.2217852521486
"hsa-miR-320d",-4.17794420853877e-17,0.0215178583612167,-6.32924968178457e-14,0.99999999999995,1,-11.2217852521486
"hsa-miR-323-3p",-1.24290166305274e-17,0.00585021342965779,-1.8828961237176e-14,0.999999999999985,1,-11.2217852521486
"hsa-miR-323-5p",1.20982971670583e-17,0.0133956311634981,1.8327947830955e-14,0.999999999999986,1,-11.2217852521486
"hsa-miR-326",2.62010918954507e-15,0.0106464050190114,4.00123158694787e-15,0.999999999999997,1,-11.2217852521486
"hsa-miR-328",6.83325685705098e-15,0.0552869090912547,6.21180920149164e-15,0.999999999999995,1,-11.2217852521486
"hsa-miR-329",-3.091648785433e-17,0.0131761329315589,-4.68359942466424e-14,0.999999999999963,1,-11.2217852521486
"hsa-miR-330-3p",0,0,0,1,1,-11.2217852521486
"hsa-miR-331-5p",0,0,0,1,1,-11.2217852521486
"hsa-miR-337-5p",8.45625020282149e-16,0.013275520756654,3.71194998361548e-15,0.999999999999997,1,-11.2217852521486
"hsa-miR-338-5p",-1.27120806337697e-17,0.0139633757110266,-1.92577804513687e-14,0.999999999999985,1,-11.2217852521486
"hsa-miR-339-3p",1.66256216511664e-17,0.00129729341444867,2.51864805494659e-14,0.99999999999998,1,-11.2217852521486
"hsa-miR-339-5p",2.62010918954507e-15,0.0106464050190114,4.00123158694787e-15,0.999999999999997,1,-11.2217852521486
"hsa-miR-33a",0,0,0,1,1,-11.2217852521486
"hsa-miR-33b",-3.57113472033236e-19,0.0456701342813688,-5.40998207828598e-16,1,1,-11.2217852521486
"hsa-miR-342-5p",-1.09711696140511e-14,0.545956536585551,-6.32470093472874e-15,0.999999999999995,1,-11.2217852521486
"hsa-miR-346",-4.50614976544611e-18,0.0034530007148289,-6.82645472161498e-15,0.999999999999995,1,-11.2217852521486
"hsa-miR-367",0,0,0,1,1,-11.2217852521486
"hsa-miR-369-3p",-2.99757536075034e-16,0.353337857958175,-1.31581369334492e-15,0.999999999999999,1,-11.2217852521486
"hsa-miR-369-5p",4.1940686595506e-18,0.0049102299391635,6.35367692909606e-15,0.999999999999995,1,-11.2217852521486
"hsa-miR-370",1.15772929035227e-15,0.029962261365019,3.15763512425566e-15,0.999999999999998,1,-11.2217852521486
"hsa-miR-371-3p",0,0,0,1,1,-11.2217852521486
"hsa-miR-371-5p",0,0,0,1,1,-11.2217852521486
"hsa-miR-372",0,0,0,1,1,-11.2217852521486
"hsa-miR-376b",-8.61620135488686e-18,0.0253454195589354,-1.30528525422035e-14,0.99999999999999,1,-11.2217852521486
"hsa-miR-380",-1.73652933829486e-16,0.026961924391635,-2.6307023773437e-13,0.999999999999793,1,-11.2217852521486
"hsa-miR-384",0,0,0,1,1,-11.2217852521486
"hsa-miR-409-3p",1.41992358323846e-16,0.113978879589354,2.15107010500593e-13,0.999999999999831,1,-11.2217852521486
"hsa-miR-409-5p",-3.69547829037141e-17,0.00747290156653992,-5.59835259302218e-14,0.999999999999956,1,-11.2217852521486
"hsa-miR-410",4.68930181786449e-16,0.204677667813688,7.10391536053831e-13,0.999999999999441,1,-11.2217852521486
"hsa-miR-412",0,0,0,1,1,-11.2217852521486
"hsa-miR-422a",-2.64815662385366e-16,0.106470969372624,-4.01174444469271e-13,0.999999999999684,1,-11.2217852521486
"hsa-miR-431",-8.26026755831942e-17,0.0325223456311787,-1.25136414478914e-13,0.999999999999902,1,-11.2217852521486
"hsa-miR-432",-6.76131565956268e-17,0.00766594545247148,-1.02428497966227e-13,0.999999999999919,1,-11.2217852521486
"hsa-miR-433",0,0,0,1,1,-11.2217852521486
"hsa-miR-448",0,0,0,1,1,-11.2217852521486
"hsa-miR-449c",2.35427351033765e-15,0.00979613453231939,3.90732393357565e-15,0.999999999999997,1,-11.2217852521486
"hsa-miR-450b-3p",0,0,0,1,1,-11.2217852521486
"hsa-miR-453",0,0,0,1,1,-11.2217852521486
"hsa-miR-483-3p",0,0,0,1,1,-11.2217852521486
"hsa-miR-483-5p",-2.39013522782515e-15,0.163307817726236,-3.25665004749945e-15,0.999999999999997,1,-11.2217852521486
"hsa-miR-485-5p",0,0,0,1,1,-11.2217852521486
"hsa-miR-486-3p",5.5616311843034e-15,0.0694393884258555,7.42356267277054e-15,0.999999999999994,1,-11.2217852521486
"hsa-miR-488",-1.26165375877861e-18,0.00554815186311787,-1.91130404157902e-15,0.999999999999998,1,-11.2217852521486
"hsa-miR-489",0,0,0,1,1,-11.2217852521486
"hsa-miR-490-5p",2.76990394174905e-16,0.0729911212053232,4.1961818461e-13,0.99999999999967,1,-11.2217852521486
"hsa-miR-491-3p",2.8830211651019e-17,0.00854666368060836,4.36754534790242e-14,0.999999999999966,1,-11.2217852521486
"hsa-miR-491-5p",0,0,0,1,1,-11.2217852521486
"hsa-miR-492",0,0,0,1,1,-11.2217852521486
"hsa-miR-498",0,0,0,1,1,-11.2217852521486
"hsa-miR-499-3p",-7.95467889746487e-17,0.024837975121673,-1.20506991877919e-13,0.999999999999905,1,-11.2217852521486
"hsa-miR-499-5p",3.04916112043808e-15,0.147499463741445,8.86872342994726e-15,0.999999999999993,1,-11.2217852521486
"hsa-miR-503",2.36782872301276e-17,0.117012254129278,1.03938052668532e-16,1,1,-11.2217852521486
"hsa-miR-504",1.50808024161213e-15,0.346010166114068,1.36527088221403e-15,0.999999999999999,1,-11.2217852521486
"hsa-miR-506",-1.4220953105205e-16,0.025137036243346,-2.15436009728986e-13,0.99999999999983,1,-11.2217852521486
"hsa-miR-507",-6.09563899253493e-15,0.11688282573384,-9.2344031485449e-12,0.999999999992732,1,-11.2217852521486
"hsa-miR-508-3p",-4.23903389574907e-15,0.304272135334601,-6.42179564794321e-12,0.999999999994946,1,-11.2217852521486
"hsa-miR-508-5p",3.9086393104764e-18,0.00384440859695817,5.92127440607824e-15,0.999999999999995,1,-11.2217852521486
"hsa-miR-509-3-5p",0,0,0,1,1,-11.2217852521486
"hsa-miR-509-5p",1.29983736999383e-15,0.00596103779847909,3.54522613318675e-15,0.999999999999997,1,-11.2217852521486
"hsa-miR-510",0,0,0,1,1,-11.2217852521486
"hsa-miR-511",0,0,0,1,1,-11.2217852521486
"hsa-miR-512-3p",0,0,0,1,1,-11.2217852521486
"hsa-miR-512-5p",0,0,0,1,1,-11.2217852521486
"hsa-miR-513a-3p",8.75115143430037e-16,0.127041245281369,3.84139963270354e-15,0.999999999999997,1,-11.2217852521486
"hsa-miR-513a-5p",-9.94593756817227e-17,0.0279360700532319,-1.50672960303652e-13,0.999999999999881,1,-11.2217852521486
"hsa-miR-513b",-1.65601650077805e-16,0.045901921,-2.50873189956869e-13,0.999999999999803,1,-11.2217852521486
"hsa-miR-515-5p",1.29983736999383e-15,0.00596103779847909,3.54522613318675e-15,0.999999999999997,1,-11.2217852521486
"hsa-miR-516a-5p",-1.32607570676552e-15,0.186809837441065,-1.1336212615512e-15,0.999999999999999,1,-11.2217852521486
"hsa-miR-516b",0,0,0,1,1,-11.2217852521486
"hsa-miR-517b",8.36006141093624e-16,0.00370383292775665,3.66972701529043e-15,0.999999999999997,1,-11.2217852521486
"hsa-miR-518b",-4.54102237921005e-18,0.00881198400760456,-6.87928392864874e-15,0.999999999999995,1,-11.2217852521486
"hsa-miR-518c",0,0,0,1,1,-11.2217852521486
"hsa-miR-518e",3.35608066783017e-15,0.0826953487984791,4.32661185227885e-15,0.999999999999997,1,-11.2217852521486
"hsa-miR-519c-3p",0,0,0,1,1,-11.2217852521486
"hsa-miR-519d",0,0,0,1,1,-11.2217852521486
"hsa-miR-519e",0,0,0,1,1,-11.2217852521486
"hsa-miR-520a-3p",0,0,0,1,1,-11.2217852521486
"hsa-miR-520a-5p",6.80068730808453e-16,0.0512320857490494,1.03024946797135e-12,0.999999999999189,1,-11.2217852521486
"hsa-miR-520b",1.89609482936181e-16,0.0406243977946768,2.87243127154369e-13,0.999999999999774,1,-11.2217852521486
"hsa-miR-520c-3p",-1.46880593208456e-14,1.60408942777186,-6.83828928170145e-15,0.999999999999995,1,-11.2217852521486
"hsa-miR-520d-3p",0,0,0,1,1,-11.2217852521486
"hsa-miR-520f",1.85775756696349e-15,0.00878945632319392,3.43640391913483e-15,0.999999999999997,1,-11.2217852521486
"hsa-miR-520g",3.3146457347569e-17,0.00872354901520913,5.02142187994324e-14,0.99999999999996,1,-11.2217852521486
"hsa-miR-521",0,0,0,1,1,-11.2217852521486
"hsa-miR-522",0,0,0,1,1,-11.2217852521486
"hsa-miR-524-3p",0,0,0,1,1,-11.2217852521486
"hsa-miR-526b",2.52109233292428e-17,0.0458585714106464,3.8192522564803e-14,0.99999999999997,1,-11.2217852521486
"hsa-miR-541",0,0,0,1,1,-11.2217852521486
"hsa-miR-542-5p",5.80927540687456e-17,0.0274161752015209,8.80058533218648e-14,0.999999999999931,1,-11.2217852521486
"hsa-miR-545",2.25642489108838e-16,0.459075753741445,3.8809741941465e-15,0.999999999999997,1,-11.2217852521486
"hsa-miR-548a-5p",3.50734628367802e-15,1.77522198371863,1.15688070218306e-15,0.999999999999999,1,-11.2217852521486
"hsa-miR-548b-5p",-1.14769874694293e-17,0.0570426562129278,-1.73867135756073e-14,0.999999999999986,1,-11.2217852521486
"hsa-miR-548c-5p",8.36006141093624e-16,0.00370383292775665,3.66972701529043e-15,0.999999999999997,1,-11.2217852521486
"hsa-miR-548d-3p",9.22117758906372e-16,0.167787314019011,2.68205157109193e-15,0.999999999999998,1,-11.2217852521486
"hsa-miR-548e",4.17839832423533e-17,0.0164228370722433,6.3299376305662e-14,0.99999999999995,1,-11.2217852521486
"hsa-miR-548k",2.3462991886342e-15,0.018632185365019,3.35140540564704e-15,0.999999999999997,1,-11.2217852521486
"hsa-miR-548l",7.13123021492306e-16,0.0197722260874525,3.1303200880468e-15,0.999999999999998,1,-11.2217852521486
"hsa-miR-548m",-1.09285936421296e-14,0.294590410920152,-8.50583801703296e-15,0.999999999999993,1,-11.2217852521486
"hsa-miR-548o",2.09266058463533e-17,0.0105995057414449,3.17021259219225e-14,0.999999999999975,1,-11.2217852521486
"hsa-miR-548p",-1.18849125142463e-17,0.00289337424714829,-1.80046872323218e-14,0.999999999999986,1,-11.2217852521486
"hsa-miR-548q",0,0,0,1,1,-11.2217852521486
"hsa-miR-549",-2.26640952488452e-18,0.00319812398859316,-3.43342827193615e-15,0.999999999999997,1,-11.2217852521486
"hsa-miR-550",0,0,0,1,1,-11.2217852521486
"hsa-miR-551a",0,0,0,1,1,-11.2217852521486
"hsa-miR-553",3.55641838689046e-17,0.0206389337338403,5.38768801591822e-14,0.999999999999958,1,-11.2217852521486
"hsa-miR-554",0,0,0,1,1,-11.2217852521486
"hsa-miR-555",-1.42972940607716e-14,0.433916913338403,-8.69057107690186e-15,0.999999999999993,1,-11.2217852521486
"hsa-miR-556-3p",0,0,0,1,1,-11.2217852521486
"hsa-miR-556-5p",0,0,0,1,1,-11.2217852521486
"hsa-miR-557",0,0,0,1,1,-11.2217852521486
"hsa-miR-558",0,0,0,1,1,-11.2217852521486
"hsa-miR-559",0,0,0,1,1,-11.2217852521486
"hsa-miR-562",-2.05933161063156e-17,0.0238393957186312,-3.1197218753281e-14,0.999999999999975,1,-11.2217852521486
"hsa-miR-563",0,0,0,1,1,-11.2217852521486
"hsa-miR-564",0,0,0,1,1,-11.2217852521486
"hsa-miR-566",2.10632618689563e-15,1.17514620265019,1.6530184615777e-15,0.999999999999999,1,-11.2217852521486
"hsa-miR-567",0,0,0,1,1,-11.2217852521486
"hsa-miR-568",-9.08753931764215e-18,0.0860454352585551,-1.37668916729044e-14,0.999999999999989,1,-11.2217852521486
"hsa-miR-571",1.40715264931692e-17,0.007845982121673,2.13172316655381e-14,0.999999999999983,1,-11.2217852521486
"hsa-miR-572",1.42807429148538e-16,0.125429545441065,2.16341777290268e-13,0.99999999999983,1,-11.2217852521486
"hsa-miR-573",3.2934033323562e-15,0.130687180931559,1.8394272105333e-15,0.999999999999999,1,-11.2217852521486
"hsa-miR-576-3p",1.1069921352393e-16,0.0834054564752852,1.67700411254459e-13,0.999999999999868,1,-11.2217852521486
"hsa-miR-576-5p",-2.72074249703016e-17,0.0283882320190114,-4.12170620860653e-14,0.999999999999968,1,-11.2217852521486
"hsa-miR-577",1.65526121200459e-15,0.0156695053003802,3.56186110858355e-15,0.999999999999997,1,-11.2217852521486
"hsa-miR-578",-3.10425200421591e-17,0.00738003360076046,-4.70269228816111e-14,0.999999999999963,1,-11.2217852521486
"hsa-miR-580",-2.09063274064083e-14,0.269215527711027,-1.38432601906678e-14,0.999999999999989,1,-11.2217852521486
"hsa-miR-581",0,0,0,1,1,-11.2217852521486
"hsa-miR-582-3p",1.38431462814509e-17,0.00314977027756654,2.0971254000401e-14,0.999999999999984,1,-11.2217852521486
"hsa-miR-582-5p",4.95751312292521e-15,0.19761579269962,5.92160176962244e-15,0.999999999999995,1,-11.2217852521486
"hsa-miR-583",0,0,0,1,1,-11.2217852521486
"hsa-miR-584",-5.62101932906335e-15,0.229712103098859,-6.82447500343779e-15,0.999999999999995,1,-11.2217852521486
"hsa-miR-586",0,0,0,1,1,-11.2217852521486
"hsa-miR-587",0,0,0,1,1,-11.2217852521486
"hsa-miR-588",0,0,0,1,1,-11.2217852521486
"hsa-miR-589",-4.23555579982978e-15,0.245091419882129,-4.30695539573658e-15,0.999999999999997,1,-11.2217852521486
"hsa-miR-590-3p",-2.62408861860331e-17,0.00898394160456274,-3.97528335115761e-14,0.999999999999969,1,-11.2217852521486
"hsa-miR-590-5p",9.28803693754973e-15,3.3647168028365,2.31669322419117e-15,0.999999999999998,1,-11.2217852521486
"hsa-miR-591",1.95696883915673e-16,0.183639534444867,2.96465050375267e-13,0.999999999999767,1,-11.2217852521486
"hsa-miR-593",0,0,0,1,1,-11.2217852521486
"hsa-miR-595",-1.97056700274674e-17,0.0124321216235741,-2.98525062866556e-14,0.999999999999976,1,-11.2217852521486
"hsa-miR-596",0,0,0,1,1,-11.2217852521486
"hsa-miR-597",0,0,0,1,1,-11.2217852521486
"hsa-miR-599",-4.4308576987855e-17,0.00418518940684411,-6.71239329207779e-14,0.999999999999947,1,-11.2217852521486
"hsa-miR-602",0,0,0,1,1,-11.2217852521486
"hsa-miR-604",0,0,0,1,1,-11.2217852521486
"hsa-miR-605",-1.09676012889722e-14,0.0538112773346008,-9.06251192099456e-15,0.999999999999993,1,-11.2217852521486
"hsa-miR-606",0,0,0,1,1,-11.2217852521486
"hsa-miR-607",-1.91287110379516e-17,0.0104419970570342,-2.89784597894974e-14,0.999999999999977,1,-11.2217852521486
"hsa-miR-608",0,0,0,1,1,-11.2217852521486
"hsa-miR-609",5.9773670090625e-17,0.0271589641711027,9.05523059946515e-14,0.999999999999929,1,-11.2217852521486
"hsa-miR-610",-9.42919317467783e-17,0.0549525113422053,-1.42844698065482e-13,0.999999999999888,1,-11.2217852521486
"hsa-miR-611",7.65379470117505e-17,0.0119948204714829,1.15948838133957e-13,0.999999999999909,1,-11.2217852521486
"hsa-miR-612",0,0,0,1,1,-11.2217852521486
"hsa-miR-613",1.85775756696349e-15,0.00878945632319392,3.43640391913483e-15,0.999999999999997,1,-11.2217852521486
"hsa-miR-614",1.61570328658277e-15,0.0550365173155894,3.47673869100114e-15,0.999999999999997,1,-11.2217852521486
"hsa-miR-615-3p",2.78011013598037e-17,0.0128538695019011,4.21164341005741e-14,0.999999999999967,1,-11.2217852521486
"hsa-miR-616",1.85248051238769e-15,0.0118576474334601,3.42664263954257e-15,0.999999999999997,1,-11.2217852521486
"hsa-miR-617",-7.8195726057082e-17,0.0634202822243346,-1.18460240146863e-13,0.999999999999907,1,-11.2217852521486
"hsa-miR-620",-6.9109989672229e-18,0.00343081882129278,-1.04696079772227e-14,0.999999999999992,1,-11.2217852521486
"hsa-miR-622",1.01557738621625e-17,0.00581576924714829,1.53851811505759e-14,0.999999999999988,1,-11.2217852521486
"hsa-miR-623",1.97307203874523e-15,0.0443606713802281,5.73883423270192e-15,0.999999999999996,1,-11.2217852521486
"hsa-miR-624",0,0,0,1,1,-11.2217852521486
"hsa-miR-625",1.93194121393022e-15,0.0225550568441065,4.13803765301061e-15,0.999999999999997,1,-11.2217852521486
"hsa-miR-627",2.51569232063464e-15,0.183649086912548,4.1752263578408e-15,0.999999999999997,1,-11.2217852521486
"hsa-miR-628-5p",0,0,0,1,1,-11.2217852521486
"hsa-miR-629",1.08876364480792e-15,0.40593681481749,3.16675415466254e-15,0.999999999999998,1,-11.2217852521486
"hsa-miR-631",-6.82367492488307e-18,0.00308699024714829,-1.03373190715782e-14,0.999999999999992,1,-11.2217852521486
"hsa-miR-632",0,0,0,1,1,-11.2217852521486
"hsa-miR-634",8.36006141093624e-16,0.00370383292775665,3.66972701529043e-15,0.999999999999997,1,-11.2217852521486
"hsa-miR-635",0,0,0,1,1,-11.2217852521486
"hsa-miR-636",0,0,0,1,1,-11.2217852521486
"hsa-miR-637",8.36006141093624e-16,0.00370383292775665,3.66972701529043e-15,0.999999999999997,1,-11.2217852521486
"hsa-miR-638",8.36006141093624e-16,0.00370383292775665,3.66972701529043e-15,0.999999999999997,1,-11.2217852521486
"hsa-miR-639",8.72346964002616e-16,0.155467115125475,1.32153553727094e-12,0.99999999999896,1,-11.2217852521486
"hsa-miR-642",-3.89230340465917e-15,0.0987900095779468,-1.45387227722514e-15,0.999999999999999,1,-11.2217852521486
"hsa-miR-643",8.0518073538887e-18,0.0336842225589354,1.21978409927629e-14,0.99999999999999,1,-11.2217852521486
"hsa-miR-644",1.3826220979093e-15,0.43127604578327,3.06691855986424e-15,0.999999999999998,1,-11.2217852521486
"hsa-miR-645",-8.61890942089286e-17,0.0886242639125475,-1.3056955044547e-13,0.999999999999897,1,-11.2217852521486
"hsa-miR-646",-4.2834357856799e-15,0.309693144638783,-2.5131735518213e-15,0.999999999999998,1,-11.2217852521486
"hsa-miR-647",-1.26165375877861e-18,0.00554815186311787,-1.91130404157902e-15,0.999999999999998,1,-11.2217852521486
"hsa-miR-648",4.77442570270516e-17,0.0226629952319392,7.23287120440501e-14,0.999999999999943,1,-11.2217852521486
"hsa-miR-649",-6.44319733999571e-16,0.144757990840304,-1.51049104997478e-15,0.999999999999999,1,-11.2217852521486
"hsa-miR-650",-3.1173585371639e-18,0.00205821196577947,-4.7225476321652e-15,0.999999999999996,1,-11.2217852521486
"hsa-miR-653",5.67181907987569e-17,0.438022555958175,8.59235004456852e-14,0.999999999999932,1,-11.2217852521486
"hsa-miR-654-3p",4.21921504058689e-16,0.280310873935361,6.3917716752745e-13,0.999999999999497,1,-11.2217852521486
"hsa-miR-654-5p",0,0,0,1,1,-11.2217852521486
"hsa-miR-656",1.49205566947156e-16,0.116483551984791,2.26034441817274e-13,0.999999999999822,1,-11.2217852521486
"hsa-miR-657",8.36006141093624e-16,0.00370383292775665,3.66972701529043e-15,0.999999999999997,1,-11.2217852521486
"hsa-miR-658",0,0,0,1,1,-11.2217852521486
"hsa-miR-659",0,0,0,1,1,-11.2217852521486
"hsa-miR-661",9.05689055452892e-17,0.0336387102813688,1.37204612601226e-13,0.999999999999892,1,-11.2217852521486
"hsa-miR-662",-2.80955414688056e-18,0.00306819111026616,-4.25624872006601e-15,0.999999999999997,1,-11.2217852521486
"hsa-miR-665",0,0,0,1,1,-11.2217852521486
"hsa-miR-668",1.21811364856467e-15,0.0187145032927757,3.3223297312212e-15,0.999999999999997,1,-11.2217852521486
"hsa-miR-670",0,0,0,1,1,-11.2217852521486
"hsa-miR-671-3p",0,0,0,1,1,-11.2217852521486
"hsa-miR-671-5p",0,0,0,1,1,-11.2217852521486
"hsa-miR-675",0,0,0,1,1,-11.2217852521486
"hsa-miR-7",-5.83073391284235e-16,0.314331634121673,-8.83309324404194e-13,0.999999999999305,1,-11.2217852521486
"hsa-miR-711",0,0,0,1,1,-11.2217852521486
"hsa-miR-718",1.29983736999383e-15,0.00596103779847909,3.54522613318675e-15,0.999999999999997,1,-11.2217852521486
"hsa-miR-758",-3.98107909204957e-16,0.0327782692965779,-6.03101485295483e-13,0.999999999999525,1,-11.2217852521486
"hsa-miR-760",4.81180789965902e-17,0.0611916011673004,7.28950222826863e-14,0.999999999999943,1,-11.2217852521486
"hsa-miR-761",0,0,0,1,1,-11.2217852521486
"hsa-miR-762",2.14471732771046e-15,0.197755870429658,3.24907437399144e-12,0.999999999997443,1,-11.2217852521486
"hsa-miR-764",8.36006141093624e-16,0.00370383292775665,3.66972701529043e-15,0.999999999999997,1,-11.2217852521486
"hsa-miR-765",0,0,0,1,1,-11.2217852521486
"hsa-miR-766",5.28107722966595e-17,0.0157770919543726,8.00040754661811e-14,0.999999999999937,1,-11.2217852521486
"hsa-miR-767-3p",8.36006141093624e-16,0.00370383292775665,3.66972701529043e-15,0.999999999999997,1,-11.2217852521486
"hsa-miR-767-5p",-3.18782469033443e-15,0.170177387079848,-6.01979242054659e-15,0.999999999999995,1,-11.2217852521486
"hsa-miR-769-3p",0,0,0,1,1,-11.2217852521486
"hsa-miR-770-5p",-4.38849966647124e-16,0.202829836106464,-6.64822427756626e-13,0.999999999999477,1,-11.2217852521486
"hsa-miR-802",3.99380429284227e-15,0.0211410150912548,4.0981611802541e-15,0.999999999999997,1,-11.2217852521486
"hsa-miR-873",-2.38286691771959e-17,0.00425348150190114,-3.6098518620445e-14,0.999999999999972,1,-11.2217852521486
"hsa-miR-875-3p",0,0,0,1,1,-11.2217852521486
"hsa-miR-875-5p",6.82111984285717e-15,0.209060090813688,5.9099251145729e-15,0.999999999999995,1,-11.2217852521486
"hsa-miR-876-3p",2.85756932101289e-17,0.0537168705817491,4.32898784975012e-14,0.999999999999966,1,-11.2217852521486
"hsa-miR-876-5p",1.87657917549075e-15,0.0141942796806084,3.47121936031924e-15,0.999999999999997,1,-11.2217852521486
"hsa-miR-877",-4.50939586584271e-15,0.110596955315589,-7.02499023535542e-15,0.999999999999994,1,-11.2217852521486
"hsa-miR-885-3p",0,0,0,1,1,-11.2217852521486
"hsa-miR-886-3p",1.01273316398765e-15,0.287620122403042,2.17924207008506e-15,0.999999999999998,1,-11.2217852521486
"hsa-miR-886-5p",0,0,0,1,1,-11.2217852521486
"hsa-miR-887",7.05139781305899e-16,0.022686167460076,3.09527690984324e-15,0.999999999999998,1,-11.2217852521486
"hsa-miR-888",2.06932457302787e-16,0.0900662698022814,3.13486041019355e-13,0.999999999999753,1,-11.2217852521486
"hsa-miR-889",0,0,0,1,1,-11.2217852521486
"hsa-miR-890",-2.74859638116543e-15,0.670376336730038,-8.98969176117539e-16,0.999999999999999,1,-11.2217852521486
"hsa-miR-891a",1.44395604186308e-14,1.06325885207985,5.31578238628848e-15,0.999999999999996,1,-11.2217852521486
"hsa-miR-891b",8.26413139866127e-16,0.218519225980989,1.25194948554607e-12,0.999999999999015,1,-11.2217852521486
"hsa-miR-892a",0,0,0,1,1,-11.2217852521486
"hsa-miR-921",0,0,0,1,1,-11.2217852521486
"hsa-miR-922",1.2751432529804e-15,0.0135470320684411,3.47787445443603e-15,0.999999999999997,1,-11.2217852521486
"hsa-miR-924",8.36006141093624e-16,0.00370383292775665,3.66972701529043e-15,0.999999999999997,1,-11.2217852521486
"hsa-miR-933",0,0,0,1,1,-11.2217852521486
"hsa-miR-935",0,0,0,1,1,-11.2217852521486
"hsa-miR-936",0,0,0,1,1,-11.2217852521486
"hsa-miR-937",0,0,0,1,1,-11.2217852521486
"hsa-miR-938",0,0,0,1,1,-11.2217852521486
"hsa-miR-939",0,0,0,1,1,-11.2217852521486
"hsa-miR-943",7.64172770135092e-17,0.0215647107528517,1.15766032785239e-13,0.999999999999909,1,-11.2217852521486
"hsa-miR-944",-1.99382038956962e-16,0.0568293206387833,-3.02047764075641e-13,0.999999999999762,1,-11.2217852521486
"hsv1-miR-H2-3p",0,0,0,1,1,-11.2217852521486
"hsv1-miR-H2-5p",0,0,0,1,1,-11.2217852521486
"hsv1-miR-H3",3.12192205201014e-17,0.0614385206844106,4.7294609903736e-14,0.999999999999963,1,-11.2217852521486
"hsv1-miR-H4-3p",0,0,0,1,1,-11.2217852521486
"hsv1-miR-H7",0,0,0,1,1,-11.2217852521486
"hsv2-miR-H2",0,0,0,1,1,-11.2217852521486
"hsv2-miR-H3",0,0,0,1,1,-11.2217852521486
"hsv2-miR-H4-3p",0,0,0,1,1,-11.2217852521486
"hsv2-miR-H4-5p",0,0,0,1,1,-11.2217852521486
"kshv-miR-K12-10a+kshv-miR-K12-10b",0,0,0,1,1,-11.2217852521486
"kshv-miR-K12-11",2.3629849415917e-15,0.703339484250951,6.21709182281084e-16,1,1,-11.2217852521486
"kshv-miR-K12-2",0,0,0,1,1,-11.2217852521486
"kshv-miR-K12-3",0,0,0,1,1,-11.2217852521486
"kshv-miR-K12-4-3p",0,0,0,1,1,-11.2217852521486
"kshv-miR-K12-5",-1.96553556864837e-17,0.00477773982889734,-2.97762841039828e-14,0.999999999999977,1,-11.2217852521486
"kshv-miR-K12-7",0,0,0,1,1,-11.2217852521486
"kshv-miR-K12-8",0,0,0,1,1,-11.2217852521486
"mcv-miR-M1-3p",0,0,0,1,1,-11.2217852521486
